{
  "label_counts": [
    20747.0,
    58213.0,
    27527.0,
    26947.0,
    1921.0,
    6737.0,
    17578.0,
    23321.0,
    6725.0,
    10262.0,
    20288.0,
    8394.0,
    19847.0,
    8424.0,
    19019.0,
    10475.0,
    2688.0,
    42029.0,
    11816.0
  ],
  "neg_counts": [
    151070.0,
    113604.0,
    144290.0,
    144870.0,
    169896.0,
    165080.0,
    154239.0,
    148496.0,
    165092.0,
    161555.0,
    151529.0,
    163423.0,
    151970.0,
    163393.0,
    152798.0,
    161342.0,
    169129.0,
    129788.0,
    160001.0
  ],
  "pos_weight_min": 1.951522855685989,
  "pos_weight_max": 10.0,
  "pos_weight_mean": 7.960050278611715
}