{
  "Beige": 0.575,
  "Black": 0.6249999999999999,
  "Blue": 0.6499999999999999,
  "Brown": 0.7749999999999999,
  "Burgundy": 0.6499999999999999,
  "Gold": 0.7749999999999999,
  "Green": 0.6499999999999999,
  "Grey": 0.7749999999999999,
  "Khaki": 0.7499999999999999,
  "Multiple Colors": 0.7499999999999999,
  "Navy": 0.7749999999999999,
  "Orange": 0.7249999999999999,
  "Pink": 0.6499999999999999,
  "Purple": 0.6249999999999999,
  "Red": 0.7499999999999999,
  "Silver": 0.7749999999999999,
  "Transparent": 0.6499999999999999,
  "White": 0.7749999999999999,
  "Yellow": 0.6249999999999999
}