{
  "run_id": "ce01af5e95734450a972dff5dc2ac72e",
  "best_epoch": 1,
  "epochs_completed": 1,
  "best_val_f1_micro": 0.2706498148857398,
  "best_val_f1_macro": 0.09418174247665587,
  "best_val_precision_micro": 0.18482999128160418,
  "best_val_precision_macro": 0.05741133901768083,
  "best_val_recall_micro": 0.5052430886558628,
  "best_val_recall_macro": 0.2958089668615984,
  "dataset_version": "e4a505e2cb5a50f1084233844ecf96d36acbbb2197d9ce1235da68ee84e685f8",
  "data_fraction": 0.001048
}