{
  "run_id": "730a2bd32aee428cbd02c0542d6e7b9d",
  "best_epoch": 1,
  "epochs_completed": 1,
  "best_val_f1_micro": 0.2699530516431925,
  "best_val_f1_macro": 0.07828962333488758,
  "best_val_precision_micro": 0.18110236220472442,
  "best_val_precision_macro": 0.047879438178780286,
  "best_val_recall_micro": 0.5299539170506913,
  "best_val_recall_macro": 0.2631578947368421,
  "dataset_version": "1b7af64c25cbe80a01037cc6fe7a589adcb269d534d318b84a9d29d4f9fcc032",
  "data_fraction": 0.000786
}