{
  "run_id": "db9a385f2a574325946fc9cb9da4c47c",
  "best_epoch": 14,
  "epochs_completed": 19,
  "best_val_f1_micro": 0.7305024414730982,
  "best_val_f1_macro": 0.6713159486580794,
  "best_val_precision_micro": 0.7048191444862735,
  "best_val_precision_macro": 0.6554645284296498,
  "best_val_recall_micro": 0.758128300457032,
  "best_val_recall_macro": 0.6892932021215618,
  "dataset_version": "428c7d2e96161aa13b729d1287b59f1c0b4d5717078a825cba3528e605986fdd",
  "data_fraction": 0.999958
}