{
  "run_id": "f3f0a4ce25b643909ead56d2515d7240",
  "best_epoch": 1,
  "epochs_completed": 1,
  "best_val_f1_micro": 0.5975029675004548,
  "best_val_f1_macro": 0.5326192143320889,
  "best_val_precision_micro": 0.4711291468546756,
  "best_val_precision_macro": 0.4171590172777644,
  "best_val_recall_micro": 0.8165241895379952,
  "best_val_recall_macro": 0.7687259939755068,
  "dataset_version": "9be9bc2905726e3ab9faf4a0c8f5771dd08953e5ba29307d229e0227c76f4354",
  "data_fraction": 0.524
}