{
  "run_id": "ae31e2eab4604338be9460a2d951a7ee",
  "best_epoch": 1,
  "epochs_completed": 1,
  "best_val_f1_micro": 0.19161105815061963,
  "best_val_f1_macro": 0.09272733972436051,
  "best_val_precision_micro": 0.14370829361296472,
  "best_val_precision_macro": 0.09123167072646657,
  "best_val_recall_micro": 0.28741658722592944,
  "best_val_recall_macro": 0.2523589922328899,
  "dataset_version": "57b457877192fd26050496181095600817f28a3133a988bc34ce25e224a706ec",
  "data_fraction": 0.001833
}