{
  "run_id": "69af6d256e7741ec89a01941cdccf80e",
  "best_epoch": 1,
  "epochs_completed": 1,
  "best_val_f1_micro": 0.5093921418548284,
  "best_val_f1_macro": 0.45514139481137394,
  "best_val_precision_micro": 0.3839774024881303,
  "best_val_precision_macro": 0.348414606156379,
  "best_val_recall_micro": 0.7564706718132089,
  "best_val_recall_macro": 0.6899144429529753,
  "dataset_version": "353ee108fcdec5a9534efed7c4245fcf61d533be8da566a4061f52002218dc97"
}