{
  "run_id": "58af5a4cecff4b89ad21b6a00a7d54ce",
  "best_epoch": 1,
  "epochs_completed": 3,
  "best_val_f1_micro": 0.15384615384615385,
  "best_val_f1_macro": 0.03274853801169591,
  "best_val_precision_micro": 0.125,
  "best_val_precision_macro": 0.019736842105263157,
  "best_val_recall_micro": 0.2,
  "best_val_recall_macro": 0.10526315789473684,
  "dataset_version": "bfcb3ec08f7cf338aa391f5bcd14fab445e535e699d1861f403cfa7ec0bbca9b",
  "data_fraction": 1.0
}