{
  "run_id": "e570e4d54ba845a0b7494ee1a1be4394",
  "best_epoch": 1,
  "epochs_completed": 1,
  "best_val_f1_micro": 0.24060150375939848,
  "best_val_f1_macro": 0.09822164948340861,
  "best_val_precision_micro": 0.15737704918032788,
  "best_val_precision_macro": 0.061762564920459666,
  "best_val_recall_micro": 0.5106382978723404,
  "best_val_recall_macro": 0.3298245614035088,
  "dataset_version": "d49488b71224dc5a48c3fa0f6abefaab037ae14f57e65d7ac17da64f0ac7e845",
  "data_fraction": 0.3
}