{
  "run_id": "7cafa3bcf0bb429387481c1e700c5c64",
  "best_epoch": 1,
  "epochs_completed": 1,
  "best_val_f1_micro": 0.1547726588376995,
  "best_val_f1_macro": 0.05498301830881498,
  "best_val_precision_micro": 0.1131161971830986,
  "best_val_precision_macro": 0.05928500496524329,
  "best_val_recall_micro": 0.2449952335557674,
  "best_val_recall_macro": 0.2322683006893533,
  "dataset_version": "9dee55e964ecb0eea4ba083ed75edcaa4870fd414588145f2fa00521fe740c99",
  "data_fraction": 0.000786
}