{
  "run_id": "6762011c13cd425a9801db57c643e112",
  "best_epoch": 1,
  "epochs_completed": 1,
  "best_val_f1_micro": 0.5872729928428843,
  "best_val_f1_macro": 0.5272929285243494,
  "best_val_precision_micro": 0.44671316585395965,
  "best_val_precision_macro": 0.40015466125871124,
  "best_val_recall_micro": 0.8568992872196831,
  "best_val_recall_macro": 0.8102083906747218,
  "dataset_version": "db7a86041c7094a2f50ee92dd63eec7a790400e9d36101efdaa313f78ce8fdc9"
}