epoch,train_loss,train_f1_micro,train_f1_macro,train_precision_micro,train_precision_macro,train_recall_micro,train_recall_macro,val_loss,val_f1_micro,val_f1_macro,val_precision_micro,val_precision_macro,val_recall_micro,val_recall_macro,lr_classifier,lr_encoder,epoch_seconds
1,0.5963685576861409,0.5412871022694462,0.4765135589233457,0.4125430834105832,0.36109153395980803,0.7868392749403216,0.7266587755954073,0.491012852953141,0.6238059461199957,0.5626975063771723,0.5012145167085879,0.4480742432686718,0.8257832295342064,0.7765129111760356,0.003,2e-05,1240.45725
