epoch,train_loss,train_f1_micro,train_f1_macro,train_precision_micro,train_precision_macro,train_recall_micro,train_recall_macro,val_loss,val_f1_micro,val_f1_macro,val_precision_micro,val_precision_macro,val_recall_micro,val_recall_macro,lr_classifier,lr_encoder,epoch_seconds
1,0.7473194291940004,0.4264552328348458,0.37162984779846964,0.30722432492752316,0.2765876167340025,0.696925579077149,0.614233693754598,0.6290236709706755,0.5093921418548284,0.45514139481137394,0.3839774024881303,0.348414606156379,0.7564706718132089,0.6899144429529753,0.003,2e-05,658.22475
