epoch,train_loss,train_f1_micro,train_f1_macro,train_precision_micro,train_precision_macro,train_recall_micro,train_recall_macro,val_loss,val_f1_micro,val_f1_macro,val_precision_micro,val_precision_macro,val_recall_micro,val_recall_macro,lr_classifier,lr_encoder,epoch_seconds
1,0.5952689906747028,0.5426722737609645,0.47764532339531063,0.41363110477073534,0.36218036098058165,0.7887353131746627,0.7280508826784082,0.5001103335834411,0.6443057722308893,0.5753101963125388,0.5384529771841959,0.48223248828184684,0.8019607378815506,0.7425868979971217,0.003,2e-05,854.04825
