epoch,train_loss,train_f1_micro,train_f1_macro,train_precision_micro,train_precision_macro,train_recall_micro,train_recall_macro,val_loss,val_f1_micro,val_f1_macro,val_precision_micro,val_precision_macro,val_recall_micro,val_recall_macro,lr_classifier,lr_encoder,epoch_seconds
1,0.5941493926874435,0.5432856014926413,0.47782880131856326,0.41457677979132646,0.3625209256032726,0.7878938118097637,0.7275237844343332,0.4902800863765808,0.5872729928428843,0.5272929285243494,0.44671316585395965,0.40015466125871124,0.8568992872196831,0.8102083906747218,0.003,2e-05,879.864375
