epoch,train_loss,train_f1_micro,train_f1_macro,train_precision_micro,train_precision_macro,train_recall_micro,train_recall_macro,val_loss,val_f1_micro,val_f1_macro,val_precision_micro,val_precision_macro,val_recall_micro,val_recall_macro,lr_classifier,lr_encoder,epoch_seconds
1,0.9562098383903503,0.11566265060240964,0.07464904874062443,0.06486486486486487,0.041554766682101146,0.5333333333333333,0.5,0.9510572552680969,0.15384615384615385,0.03274853801169591,0.125,0.019736842105263157,0.2,0.10526315789473684,0.003,2e-05,3.746488094329834
2,0.9267673492431641,0.21428571428571427,0.09219937855742164,0.15789473684210525,0.10199817160767925,0.3333333333333333,0.20175438596491227,0.9173557758331299,0.06896551724137931,0.015037593984962405,0.07142857142857142,0.008771929824561403,0.06666666666666667,0.05263157894736842,0.003,2e-05,4.049896717071533
3,0.8618082404136658,0.14285714285714285,0.05607155142758858,0.1320754716981132,0.07526881720430106,0.15555555555555556,0.11278195488721804,0.9239915609359741,0.0,0.0,0.0,0.0,0.0,0.0,0.003,2e-05,3.943307876586914
