epoch,train_loss,train_f1_micro,train_f1_macro,train_precision_micro,train_precision_macro,train_recall_micro,train_recall_macro,val_loss,val_f1_micro,val_f1_macro,val_precision_micro,val_precision_macro,val_recall_micro,val_recall_macro,lr_classifier,lr_encoder,epoch_seconds
1,0.5952805642228344,0.5411670893686111,0.4766418652116467,0.41190332334562274,0.36093123819756295,0.7886671091186199,0.7285170062728629,0.4898004065076989,0.5974082690159652,0.5398413804497055,0.4628588532313058,0.41696470871966285,0.8422411139264486,0.7981828201807736,0.003,2e-05,839.3695
